"group","outcome","exposure","hr","lower_ci","upper_ci","p_value"
"q91","All-cause","Blood Lead",1.20500903007186,1.03622099642256,1.40129062002002,0.0154319500199932
"q91","All-cause","Tibia Lead",1.16351199405212,0.889926022440359,1.52120527568218,0.268164141136481
"q91","All-cause","Patella Lead",1.23653969468877,1.01161343595446,1.51147697548952,0.0382017363045156
"q91","CVD","Blood Lead",1.63390378426855,1.24666637266348,2.14142422927753,0.000374467600083651
"q91","CVD","Tibia Lead",3.32464221876738,1.92813207009939,5.73261865938504,1.54677861290444e-05
"q91","CVD","Patella Lead",2.42303481511462,1.56165550382458,3.75953448175918,7.85421206933409e-05
"q91","Heart disease","Blood Lead",1.76208745322258,1.36389681270325,2.27653013328069,1.46035612397676e-05
"q91","Heart disease","Tibia Lead",3.35406114763932,1.91361633611104,5.8787782952177,2.37206964226764e-05
"q91","Heart disease","Patella Lead",2.39044176438589,1.52059956057275,3.75786760504391,0.000159503327680556
